filename,gt_label,inlier_ratio,rss
frame_00000_straight_raw.png,straight,0.8000,150.7
frame_00001_straight_raw.png,straight,0.7778,177.4
frame_00002_straight_raw.png,straight,0.7273,242.8
frame_00003_straight_raw.png,straight,0.6364,439.5
frame_00004_straight_raw.png,straight,0.6667,630.4
frame_00005_straight_raw.png,straight,0.6154,308.9
frame_00006_straight_raw.png,straight,0.6667,394.8
frame_00007_straight_raw.png,straight,0.6364,452.9
frame_00008_straight_raw.png,straight,0.6364,235.4
frame_00009_straight_raw.png,straight,0.7000,247.3
frame_00010_straight_raw.png,straight,0.7273,411.2
frame_00011_straight_raw.png,straight,0.7273,256.9
frame_00012_straight_raw.png,straight,0.7000,330.9
frame_00013_straight_raw.png,straight,0.8000,175.6
frame_00014_straight_raw.png,straight,0.8000,212.6
frame_00015_straight_raw.png,straight,0.7273,503.4
frame_00016_straight_raw.png,straight,0.7000,201.5
frame_00017_straight_raw.png,straight,0.6667,388.2
frame_00018_straight_raw.png,straight,0.8000,196.5
frame_00019_straight_raw.png,straight,0.8182,369.7
frame_00020_straight_raw.png,straight,0.8182,201.0
frame_00021_straight_raw.png,straight,0.8889,110.7
frame_00022_straight_raw.png,straight,0.8571,105.9
frame_00023_straight_raw.png,straight,0.8571,80.7
frame_00024_straight_raw.png,straight,0.6667,336.9
frame_00025_straight_raw.png,straight,0.8333,36.4
frame_00026_straight_raw.png,straight,0.6364,434.5
frame_00027_straight_raw.png,straight,0.7273,406.4
frame_00028_straight_raw.png,straight,0.8333,247.5
frame_00029_straight_raw.png,straight,0.6667,426.1
frame_00030_straight_raw.png,straight,0.8000,286.1
frame_00031_straight_raw.png,straight,0.7273,504.9
frame_00032_straight_raw.png,straight,0.8182,269.0
frame_00033_straight_raw.png,straight,0.7273,529.9
frame_00034_straight_raw.png,straight,0.7273,321.2
frame_00035_straight_raw.png,straight,0.7692,750.3
frame_00036_straight_raw.png,straight,0.7000,301.5
frame_00037_straight_raw.png,straight,0.7778,179.9
frame_00038_straight_raw.png,straight,0.7000,359.2
frame_00039_straight_raw.png,straight,0.6667,128.0
frame_00040_straight_raw.png,straight,0.7273,409.3
frame_00041_straight_raw.png,straight,0.8000,187.5
frame_00042_straight_raw.png,straight,0.7692,512.1
frame_00043_straight_raw.png,straight,0.7000,237.5
frame_00044_straight_raw.png,straight,0.7778,116.7
frame_00045_straight_raw.png,straight,0.7500,153.5
frame_00046_straight_raw.png,straight,0.7500,106.6
frame_00047_straight_raw.png,straight,0.7143,155.8
frame_00048_straight_raw.png,straight,0.6667,246.0
frame_00049_straight_raw.png,straight,0.6364,537.5
frame_00050_straight_raw.png,straight,0.7273,25862.0
frame_00051_straight_raw.png,straight,0.7000,167.2
frame_00052_straight_raw.png,straight,0.7778,235.1
frame_00053_straight_raw.png,straight,0.6667,155.4
frame_00054_straight_raw.png,straight,0.7000,351.1
frame_00055_straight_raw.png,straight,0.8182,275.2
frame_00056_straight_raw.png,straight,0.7692,539.5
frame_00057_straight_raw.png,straight,0.7500,38620.3
frame_00058_straight_raw.png,straight,0.8462,568.9
frame_00059_straight_raw.png,straight,0.7692,213.4
frame_00060_straight_raw.png,straight,0.6667,412.5
frame_00061_straight_raw.png,straight,0.5833,39134.9
frame_00062_straight_raw.png,straight,0.6000,45242.7
frame_00063_straight_raw.png,straight,0.6364,28980.7
frame_00064_straight_raw.png,straight,0.5385,27945.1
frame_00065_straight_raw.png,straight,0.5333,36267.9
frame_00066_straight_raw.png,straight,0.6667,25018.9
frame_00067_straight_raw.png,straight,0.6154,35602.8
frame_00068_straight_raw.png,straight,0.7000,314.0
frame_00069_straight_raw.png,straight,0.8000,137.3
frame_00070_straight_raw.png,straight,0.8182,231.9
frame_00071_straight_raw.png,straight,0.7778,107.9
frame_00072_straight_raw.png,straight,0.7778,190.0
frame_00073_straight_raw.png,straight,0.7778,88.1
frame_00074_straight_raw.png,straight,0.8571,120.1
frame_00075_straight_raw.png,straight,0.8571,63.4
frame_00076_straight_raw.png,straight,0.7143,165.7
frame_00077_straight_raw.png,straight,0.8571,54.5
frame_00078_straight_raw.png,straight,0.7143,200.4
frame_00079_straight_raw.png,straight,0.6250,224.6
frame_00080_straight_raw.png,straight,0.7500,190.4
frame_00081_straight_raw.png,straight,0.7143,242.1
frame_00082_straight_raw.png,straight,0.7778,168.5
frame_00083_straight_raw.png,straight,0.7273,639.9
frame_00084_straight_raw.png,straight,0.7778,257.3
frame_00085_straight_raw.png,straight,0.8182,20101.6
frame_00086_straight_raw.png,straight,0.8750,237.6
frame_00087_straight_raw.png,straight,0.7500,116.9
frame_00088_straight_raw.png,straight,0.7500,48.9
frame_00089_straight_raw.png,straight,0.7778,12635.8
frame_00090_straight_raw.png,straight,0.7273,24969.7
frame_00091_straight_raw.png,straight,0.8182,19662.2
frame_00092_straight_raw.png,straight,0.7273,21527.2
frame_00093_straight_raw.png,straight,0.7692,28378.1
frame_00094_straight_raw.png,straight,0.6364,24789.3
frame_00095_straight_raw.png,straight,0.6364,23796.7
frame_00096_straight_raw.png,straight,0.6364,477.2
frame_00097_straight_raw.png,straight,0.5714,37928.9
frame_00098_straight_raw.png,straight,0.6154,32445.7
frame_00099_straight_raw.png,straight,0.6000,38764.2
frame_00100_straight_raw.png,straight,0.6429,31389.6
frame_00101_straight_raw.png,straight,0.5385,29706.8
frame_00102_straight_raw.png,straight,0.6667,26052.2
frame_00103_straight_raw.png,straight,0.6364,26994.2
frame_00104_straight_raw.png,straight,0.6667,185.9
frame_00105_straight_raw.png,straight,0.7273,492.8
frame_00106_straight_raw.png,straight,0.7000,278.0
frame_00107_straight_raw.png,straight,0.7273,202.8
frame_00108_straight_raw.png,straight,0.7273,392.0
frame_00109_straight_raw.png,straight,0.7273,204.5
frame_00110_straight_raw.png,straight,0.7273,445.6
frame_00111_straight_raw.png,straight,0.7273,231.6
frame_00112_straight_raw.png,straight,0.6364,459.5
frame_00113_straight_raw.png,straight,0.7778,191.4
frame_00114_straight_raw.png,straight,0.7273,414.1
frame_00115_straight_raw.png,straight,0.7778,212.5
frame_00116_straight_raw.png,straight,0.6364,454.4
frame_00117_straight_raw.png,straight,0.7273,253.5
frame_00118_straight_raw.png,straight,0.7273,453.8
frame_00119_straight_raw.png,straight,0.7000,310.3
frame_00120_straight_raw.png,straight,0.7778,146.0
frame_00121_straight_raw.png,straight,0.7273,347.1
frame_00122_straight_raw.png,straight,0.8462,186.6
frame_00123_straight_raw.png,straight,0.7000,297.5
frame_00124_straight_raw.png,straight,0.7500,117.9
frame_00125_straight_raw.png,straight,0.7778,237.3
frame_00126_straight_raw.png,straight,0.7500,113.7
frame_00127_straight_raw.png,straight,0.7143,196.3
frame_00128_straight_raw.png,straight,0.5556,237.9
frame_00129_straight_raw.png,straight,0.6667,151.4
frame_00130_straight_raw.png,straight,0.8000,246.9
frame_00131_straight_raw.png,straight,0.6667,166.6
frame_00132_straight_raw.png,straight,0.7273,414.0
frame_00133_straight_raw.png,straight,0.8182,199.0
frame_00134_straight_raw.png,straight,0.7273,374.1
frame_00135_straight_raw.png,straight,0.7000,207.5
frame_00136_straight_raw.png,straight,0.8889,116.9
frame_00137_straight_raw.png,straight,0.7778,180.6
frame_00138_straight_raw.png,straight,0.7000,127.8
frame_00139_straight_raw.png,straight,0.7778,180.5
frame_00140_straight_raw.png,straight,0.7778,157.6
frame_00141_straight_raw.png,straight,0.6667,265.7
frame_00142_straight_raw.png,straight,0.7778,143.6
frame_00143_straight_raw.png,straight,0.6667,240.3
frame_00144_straight_raw.png,straight,0.7000,146.9
frame_00145_straight_raw.png,straight,0.8182,340.4
frame_00146_straight_raw.png,straight,0.7778,140.1
frame_00147_straight_raw.png,straight,0.8182,322.1
frame_00148_straight_raw.png,straight,0.6667,149.6
frame_00149_straight_raw.png,straight,0.7273,309.1
frame_00150_straight_raw.png,straight,0.8000,163.0
frame_00151_straight_raw.png,straight,0.8000,150.3
frame_00152_straight_raw.png,straight,0.8182,242.0
frame_00153_straight_raw.png,straight,0.9000,149.5
frame_00154_straight_raw.png,straight,0.7778,205.2
frame_00155_straight_raw.png,straight,0.8182,185.1
frame_00156_straight_raw.png,straight,0.7000,280.0
frame_00157_straight_raw.png,straight,0.8182,191.6
frame_00158_straight_raw.png,straight,0.7500,423.4
frame_00159_straight_raw.png,straight,0.7000,204.4
frame_00160_straight_raw.png,straight,0.7500,417.3
frame_00161_straight_raw.png,straight,0.8000,186.1
frame_00162_straight_raw.png,straight,0.7500,132.3
frame_00163_straight_raw.png,straight,0.8000,215.8
frame_00164_straight_raw.png,straight,0.7778,127.3
frame_00165_straight_raw.png,straight,0.8000,282.2
frame_00166_straight_raw.png,straight,0.8000,160.0
frame_00167_straight_raw.png,straight,0.8000,284.2
frame_00168_straight_raw.png,straight,0.7778,143.0
frame_00169_straight_raw.png,straight,0.6364,346.9
frame_00170_straight_raw.png,straight,0.7000,167.3
frame_00171_straight_raw.png,straight,0.7000,369.1
frame_00172_straight_raw.png,straight,0.6667,192.0
frame_00173_straight_raw.png,straight,0.7273,398.5
frame_00174_straight_raw.png,straight,0.7000,249.9
frame_00175_straight_raw.png,straight,0.7000,391.5
frame_00176_straight_raw.png,straight,0.7000,190.1
frame_00177_straight_raw.png,straight,0.7778,108.3
frame_00178_straight_raw.png,straight,0.7778,166.8
frame_00179_straight_raw.png,straight,0.7500,80.2
frame_00180_straight_raw.png,straight,0.7500,164.6
frame_00181_straight_raw.png,straight,0.8571,73.8
frame_00182_straight_raw.png,straight,0.7143,137.3
frame_00183_straight_raw.png,straight,0.7778,180.0
frame_00184_straight_raw.png,straight,0.6000,409.3
frame_00185_straight_raw.png,straight,0.6364,203.2
frame_00186_straight_raw.png,straight,0.7500,500.8
frame_00187_straight_raw.png,straight,0.7000,314.3
frame_00188_straight_raw.png,straight,0.7500,510.3
frame_00189_straight_raw.png,straight,0.7000,268.3
frame_00190_straight_raw.png,straight,0.7778,154.6
frame_00191_straight_raw.png,straight,0.8000,303.3
frame_00192_straight_raw.png,straight,0.6667,129.0
frame_00193_straight_raw.png,straight,0.7000,324.6
frame_00194_straight_raw.png,straight,0.8000,150.9
frame_00195_straight_raw.png,straight,0.8000,369.6
frame_00196_straight_raw.png,straight,0.7273,233.7
frame_00197_straight_raw.png,straight,0.7000,441.4
frame_00198_straight_raw.png,straight,0.7273,274.2
frame_00199_straight_raw.png,straight,0.7273,484.7
frame_00200_straight_raw.png,straight,0.8000,266.5
frame_00201_straight_raw.png,straight,0.8182,423.2
frame_00202_straight_raw.png,straight,0.7000,288.0
frame_00203_straight_raw.png,straight,0.6667,141.9
frame_00204_straight_raw.png,straight,0.7273,356.9
frame_00205_straight_raw.png,straight,0.8000,173.4
frame_00206_straight_raw.png,straight,0.6667,281.1
frame_00207_straight_raw.png,straight,0.6667,154.1
frame_00208_straight_raw.png,straight,0.7000,394.5
frame_00209_straight_raw.png,straight,0.8000,210.5
frame_00210_straight_raw.png,straight,0.6000,446.4
frame_00211_straight_raw.png,straight,0.6000,309.5
frame_00212_straight_raw.png,straight,0.7273,493.4
frame_00213_straight_raw.png,straight,0.7000,321.1
frame_00214_straight_raw.png,straight,0.7778,141.6
frame_00215_straight_raw.png,straight,0.8000,320.1
frame_00216_straight_raw.png,straight,0.7778,139.6
frame_00217_straight_raw.png,straight,0.6667,232.4
frame_00218_straight_raw.png,straight,0.6250,122.5
frame_00219_straight_raw.png,straight,0.7000,288.8
frame_00220_straight_raw.png,straight,0.9000,121.9
frame_00221_straight_raw.png,straight,0.7500,187.7
frame_00222_straight_raw.png,straight,0.7500,89.8
frame_00223_straight_raw.png,straight,0.5714,174.1
frame_00224_straight_raw.png,straight,0.6667,49.3
frame_00225_straight_raw.png,straight,0.6667,97.4
frame_00226_straight_raw.png,straight,0.8333,25.8
frame_00227_straight_raw.png,straight,0.8750,56.7
frame_00228_straight_raw.png,straight,0.8571,36.1
frame_00229_straight_raw.png,straight,0.6667,59.5
frame_00230_straight_raw.png,straight,0.8000,54.5
frame_00231_straight_raw.png,straight,0.8333,53.5
frame_00232_straight_raw.png,straight,0.7500,117.8
frame_00233_straight_raw.png,straight,0.6250,181.5
frame_00234_straight_raw.png,straight,0.7692,514.3
frame_00235_straight_raw.png,straight,0.7000,238.6
frame_00236_straight_raw.png,straight,0.7273,492.6
frame_00237_straight_raw.png,straight,0.6364,348.2
frame_00238_straight_raw.png,straight,0.6923,558.6
frame_00239_straight_raw.png,straight,0.6364,338.1
frame_00240_straight_raw.png,straight,0.7778,123.4
frame_00241_straight_raw.png,straight,0.7273,366.8
frame_00242_straight_raw.png,straight,0.8000,186.4
frame_00243_straight_raw.png,straight,0.6667,218.5
frame_00244_straight_raw.png,straight,0.6667,191.2
frame_00245_straight_raw.png,straight,0.7000,440.4
frame_00246_straight_raw.png,straight,0.7500,127.6
frame_00247_straight_raw.png,straight,0.6250,231.1
frame_00248_straight_raw.png,straight,0.7500,112.5
frame_00249_straight_raw.png,straight,0.7778,234.6
frame_00250_straight_raw.png,straight,0.7143,123.3
frame_00251_straight_raw.png,straight,0.8333,35.2
frame_00252_straight_raw.png,straight,0.6667,78.4
frame_00253_straight_raw.png,straight,0.8000,24.8
frame_00254_straight_raw.png,straight,0.6667,5410.0
frame_00255_straight_raw.png,straight,0.8571,5266.0
frame_00256_straight_raw.png,straight,0.6667,5370.8
frame_00257_straight_raw.png,straight,0.5000,7358.3
frame_00258_straight_raw.png,straight,0.5556,364.0
frame_00259_straight_raw.png,straight,0.7000,305.4
frame_00260_straight_raw.png,straight,0.6667,364.0
frame_00261_straight_raw.png,straight,0.6667,210.0
frame_00262_straight_raw.png,straight,0.8000,604.4
frame_00263_straight_raw.png,straight,0.7778,332.6
frame_00264_straight_raw.png,straight,0.6667,146.2
frame_00265_straight_raw.png,straight,0.6364,173.5
frame_00266_straight_raw.png,straight,0.8000,215.7
frame_00267_straight_raw.png,straight,0.6667,280.9
frame_00268_straight_raw.png,straight,0.6667,176.3
frame_00269_straight_raw.png,straight,0.7273,424.2
frame_00270_straight_raw.png,straight,0.7778,180.9
frame_00271_straight_raw.png,straight,0.6000,415.5
frame_00272_straight_raw.png,straight,0.6667,199.9
frame_00273_straight_raw.png,straight,0.7273,441.6
frame_00274_straight_raw.png,straight,0.6250,175.3
frame_00275_straight_raw.png,straight,0.7778,139.8
frame_00276_straight_raw.png,straight,0.7500,157.9
frame_00277_straight_raw.png,straight,0.8750,111.9
frame_00278_straight_raw.png,straight,0.7500,215.5
frame_00279_straight_raw.png,straight,0.8571,66.1
frame_00280_straight_raw.png,straight,0.7143,141.5
frame_00281_straight_raw.png,straight,0.8333,55.3
frame_00282_straight_raw.png,straight,0.7500,373.4
frame_00283_straight_raw.png,straight,0.8333,47.8
frame_00284_straight_raw.png,straight,0.5556,399.2
frame_00285_straight_raw.png,straight,0.6667,314.3
frame_00286_straight_raw.png,straight,0.7000,258.3
frame_00287_straight_raw.png,straight,0.7000,445.3
frame_00288_straight_raw.png,straight,0.7778,219.5
frame_00289_straight_raw.png,straight,0.6667,545.5
frame_00290_straight_raw.png,straight,0.7000,247.9
frame_00291_straight_raw.png,straight,0.7000,371.9
frame_00292_straight_raw.png,straight,0.8182,191.7
frame_00293_straight_raw.png,straight,0.7000,338.1
frame_00294_straight_raw.png,straight,0.7778,237.9
frame_00295_straight_raw.png,straight,0.7778,463.1
frame_00296_straight_raw.png,straight,0.8889,190.3
frame_00297_straight_raw.png,straight,0.8182,505.8
frame_00298_straight_raw.png,straight,0.7500,121.3
frame_00299_straight_raw.png,straight,0.7500,117.3
frame_00300_straight_raw.png,straight,0.7000,315.4
frame_00301_straight_raw.png,straight,0.8000,177.4
frame_00302_straight_raw.png,straight,0.6000,361.0
frame_00303_straight_raw.png,straight,0.7000,199.2
frame_00304_straight_raw.png,straight,0.6000,416.2
frame_00305_straight_raw.png,straight,0.8000,245.8
frame_00306_straight_raw.png,straight,0.7000,455.2
frame_00307_straight_raw.png,straight,0.7000,241.1
frame_00308_straight_raw.png,straight,0.8000,469.6
frame_00309_straight_raw.png,straight,0.6364,298.2
frame_00310_straight_raw.png,straight,0.7273,510.2
frame_00311_straight_raw.png,straight,0.7273,302.5
frame_00312_straight_raw.png,straight,0.8182,145.8
frame_00313_straight_raw.png,straight,0.7273,359.7
frame_00314_straight_raw.png,straight,0.7778,177.4
frame_00315_straight_raw.png,straight,0.7000,376.8
frame_00316_straight_raw.png,straight,0.7273,241.6
frame_00317_straight_raw.png,straight,0.7500,480.2
frame_00318_straight_raw.png,straight,0.7778,207.7
frame_00319_straight_raw.png,straight,0.6000,402.7
frame_00320_straight_raw.png,straight,0.7000,265.7
frame_00321_straight_raw.png,straight,0.6000,459.0
frame_00322_straight_raw.png,straight,0.7000,239.6
frame_00323_straight_raw.png,straight,0.8000,136.4
frame_00324_straight_raw.png,straight,0.7000,268.3
frame_00325_straight_raw.png,straight,0.8000,147.8
frame_00326_straight_raw.png,straight,0.7500,196.3
frame_00327_straight_raw.png,straight,0.8750,117.2
frame_00328_straight_raw.png,straight,0.6667,228.2
frame_00329_straight_raw.png,straight,0.7143,83.5
frame_00330_straight_raw.png,straight,0.7143,182.2
frame_00331_straight_raw.png,straight,0.8333,56.8
frame_00332_straight_raw.png,straight,0.6667,117.4
frame_00333_straight_raw.png,straight,0.6667,75.1
frame_00334_straight_raw.png,straight,0.6667,123.3
frame_00335_straight_raw.png,straight,0.5000,580.3
frame_00336_straight_raw.png,straight,1.0000,6.3
frame_00337_straight_raw.png,straight,1.0000,11.8
frame_00338_straight_raw.png,straight,0.5000,877.9
frame_00339_straight_raw.png,straight,0.7500,31.5
frame_00340_straight_raw.png,straight,0.6667,14.4
frame_00341_straight_raw.png,straight,0.7500,36.0
frame_00342_straight_raw.png,straight,0.8000,200.6
frame_00343_straight_raw.png,straight,1.0000,13.1
frame_00344_straight_raw.png,straight,0.6000,491.7
frame_00345_straight_raw.png,straight,0.6667,442.6
frame_00346_straight_raw.png,straight,0.6364,224.7
frame_00347_straight_raw.png,straight,0.7692,399.9
frame_00348_straight_raw.png,straight,0.8182,223.5
frame_00349_straight_raw.png,straight,0.6923,544.4
frame_00350_straight_raw.png,straight,0.8000,195.8
frame_00351_straight_raw.png,straight,0.7273,361.0
frame_00352_straight_raw.png,straight,0.6364,180.8
frame_00353_straight_raw.png,straight,0.8333,336.0
frame_00354_straight_raw.png,straight,0.7273,171.7
frame_00355_straight_raw.png,straight,0.6667,32206.1
frame_00356_straight_raw.png,straight,0.7692,357.2
frame_00357_straight_raw.png,straight,0.7273,397.4
frame_00358_straight_raw.png,straight,0.7000,303.9
frame_00359_straight_raw.png,straight,0.7778,154.6
frame_00360_straight_raw.png,straight,0.8571,164.8
frame_00361_straight_raw.png,straight,0.6667,66.3
frame_00362_straight_raw.png,straight,0.7273,314.9
frame_00363_straight_raw.png,straight,0.6667,304.0
frame_00364_straight_raw.png,straight,0.6364,328.7
frame_00365_straight_raw.png,straight,0.8182,264.1
frame_00366_straight_raw.png,straight,0.6667,491.0
frame_00367_straight_raw.png,straight,0.6364,297.3
frame_00368_straight_raw.png,straight,0.8000,410.2
frame_00369_straight_raw.png,straight,0.7000,251.1
frame_00370_straight_raw.png,straight,0.8182,427.7
frame_00371_straight_raw.png,straight,0.7500,319.7
frame_00372_straight_raw.png,straight,0.8182,159.5
frame_00373_straight_raw.png,straight,0.6667,221.2
frame_00374_straight_raw.png,straight,0.7000,179.1
frame_00375_straight_raw.png,straight,0.6667,254.4
frame_00376_straight_raw.png,straight,0.7778,185.1
frame_00377_straight_raw.png,straight,0.6000,1418.8
frame_00378_straight_raw.png,straight,0.7778,190.1
frame_00379_straight_raw.png,straight,0.6000,2220.1
frame_00380_straight_raw.png,straight,0.6667,149.5
frame_00381_straight_raw.png,straight,0.6250,272.3
frame_00382_straight_raw.png,straight,0.7143,84.1
frame_00383_straight_raw.png,straight,0.5556,622.9
frame_00384_straight_raw.png,straight,0.6667,91.6
frame_00385_straight_raw.png,straight,0.8333,40.5
frame_00386_straight_raw.png,straight,0.8333,54.7
frame_00387_straight_raw.png,straight,0.8333,28.0
frame_00388_straight_raw.png,straight,0.8333,41.9
frame_00389_straight_raw.png,straight,1.0000,7.7
frame_00390_straight_raw.png,straight,0.6667,108.6
frame_00391_straight_raw.png,straight,0.8000,42.6
frame_00392_straight_raw.png,straight,0.6667,98.0
frame_00393_straight_raw.png,straight,0.8000,18.2
frame_00394_straight_raw.png,straight,0.6667,99.2
frame_00395_straight_raw.png,straight,0.8000,21.5
frame_00396_straight_raw.png,straight,0.6667,91.3
frame_00397_straight_raw.png,straight,0.6000,42.4
frame_00398_straight_raw.png,straight,0.7500,20.5
frame_00399_straight_raw.png,straight,0.7500,33.0
frame_00400_straight_raw.png,straight,0.8000,112.3
frame_00401_straight_raw.png,straight,0.7143,234.2
frame_00402_straight_raw.png,straight,0.7143,230.3
frame_00403_straight_raw.png,straight,0.7000,425.0
frame_00404_straight_raw.png,straight,0.7273,29197.8
frame_00405_straight_raw.png,straight,0.6667,662.7
frame_00406_straight_raw.png,straight,0.7273,338.0
frame_00407_straight_raw.png,straight,0.8182,206.7
frame_00408_straight_raw.png,straight,0.7500,401.3
frame_00409_straight_raw.png,straight,0.8182,235.7
frame_00410_straight_raw.png,straight,0.8000,279.4
frame_00411_straight_raw.png,straight,0.7778,183.8
frame_00412_straight_raw.png,straight,0.8000,313.6
frame_00413_straight_raw.png,straight,0.8182,190.1
frame_00414_straight_raw.png,straight,0.6923,29494.4
frame_00415_straight_raw.png,straight,0.8182,209.1
frame_00416_straight_raw.png,straight,0.7500,449.2
frame_00417_straight_raw.png,straight,0.7273,276.4
frame_00418_straight_raw.png,straight,0.7000,433.4
frame_00419_straight_raw.png,straight,0.6923,331.8
frame_00420_straight_raw.png,straight,0.7273,547.8
frame_00421_straight_raw.png,straight,0.7000,293.2
frame_00422_straight_raw.png,straight,0.7000,184.4
frame_00423_straight_raw.png,straight,0.8000,282.4
frame_00424_straight_raw.png,straight,0.7000,223.8
frame_00425_straight_raw.png,straight,0.7000,407.1
frame_00426_straight_raw.png,straight,0.7500,122.1
frame_00427_straight_raw.png,straight,0.7273,340.8
frame_00428_straight_raw.png,straight,0.7500,106.2
frame_00429_straight_raw.png,straight,0.7273,331.3
frame_00430_straight_raw.png,straight,0.6000,211.9
frame_00431_straight_raw.png,straight,0.7000,274.2
frame_00432_straight_raw.png,straight,0.7778,195.0
frame_00433_straight_raw.png,straight,0.7000,349.0
frame_00434_straight_raw.png,straight,0.7778,175.2
frame_00435_straight_raw.png,straight,0.7273,385.6
frame_00436_straight_raw.png,straight,0.7500,136.4
frame_00437_straight_raw.png,straight,0.7778,271.0
frame_00438_straight_raw.png,straight,0.7500,166.2
frame_00439_straight_raw.png,straight,0.7143,82.6
frame_00440_straight_raw.png,straight,0.7778,177.9
frame_00441_straight_raw.png,straight,0.7778,139.8
frame_00442_straight_raw.png,straight,0.6250,257.1
frame_00443_straight_raw.png,straight,0.6250,192.9
frame_00444_straight_raw.png,straight,0.8182,475.4
frame_00445_straight_raw.png,straight,0.7000,315.1
frame_00446_straight_raw.png,straight,0.7000,535.6
frame_00447_straight_raw.png,straight,0.8000,327.9
frame_00448_straight_raw.png,straight,0.7000,482.9
frame_00449_straight_raw.png,straight,0.8000,336.6
frame_00450_straight_raw.png,straight,0.8333,649.5
frame_00451_straight_raw.png,straight,0.7500,348.0
frame_00452_straight_raw.png,straight,0.8182,202.7
frame_00453_straight_raw.png,straight,0.6364,356.6
frame_00454_straight_raw.png,straight,0.7000,230.6
frame_00455_straight_raw.png,straight,0.7273,493.6
frame_00456_straight_raw.png,straight,0.7273,404.2
frame_00457_straight_raw.png,straight,0.7273,653.2
frame_00458_straight_raw.png,straight,0.7000,285.1
frame_00459_straight_raw.png,straight,0.7273,546.2
frame_00460_straight_raw.png,straight,0.7000,342.9
frame_00461_straight_raw.png,straight,0.6364,601.4
frame_00462_straight_raw.png,straight,0.7273,405.3
frame_00463_straight_raw.png,straight,0.8000,205.5
frame_00464_straight_raw.png,straight,0.7000,360.1
frame_00465_straight_raw.png,straight,0.7000,227.6
frame_00466_straight_raw.png,straight,0.7000,377.4
frame_00467_straight_raw.png,straight,0.6000,261.0
frame_00468_straight_raw.png,straight,0.7500,464.3
frame_00469_straight_raw.png,straight,0.8000,283.6
frame_00470_straight_raw.png,straight,0.6000,472.8
frame_00471_straight_raw.png,straight,0.7000,286.7
frame_00472_straight_raw.png,straight,0.6000,468.2
frame_00473_straight_raw.png,straight,0.7000,352.5
frame_00474_straight_raw.png,straight,0.8000,181.1
frame_00475_straight_raw.png,straight,0.7778,249.2
frame_00476_straight_raw.png,straight,0.7778,145.1
frame_00477_straight_raw.png,straight,0.6667,269.6
frame_00478_straight_raw.png,straight,0.7500,86.1
frame_00479_straight_raw.png,straight,0.7500,205.2
frame_00480_straight_raw.png,straight,0.7143,79.6
frame_00481_straight_raw.png,straight,0.7778,326.7
frame_00482_straight_raw.png,straight,0.5556,237.2
frame_00483_straight_raw.png,straight,0.6667,548.3
frame_00484_straight_raw.png,straight,0.6000,265.2
frame_00485_straight_raw.png,straight,0.6000,659.0
frame_00486_straight_raw.png,straight,0.6000,408.9
frame_00487_straight_raw.png,straight,0.7000,295.4
frame_00488_straight_raw.png,straight,0.7273,497.0
frame_00489_straight_raw.png,straight,0.7273,296.4
frame_00490_straight_raw.png,straight,0.7273,517.5
frame_00491_straight_raw.png,straight,0.7000,263.0
frame_00492_straight_raw.png,straight,0.6364,525.1
frame_00493_straight_raw.png,straight,0.7000,195.5
frame_00494_straight_raw.png,straight,0.7273,516.3
frame_00495_straight_raw.png,straight,0.7000,356.2
frame_00496_straight_raw.png,straight,0.7273,646.3
frame_00497_straight_raw.png,straight,0.5833,24325.2
frame_00498_straight_raw.png,straight,0.5833,20430.0
frame_00499_straight_raw.png,straight,0.4615,28963.9
frame_00500_straight_raw.png,straight,0.5385,22555.5
frame_00501_straight_raw.png,straight,0.5455,26511.2
frame_00502_straight_raw.png,straight,0.6000,19943.4
frame_00503_straight_raw.png,straight,0.5455,27641.0
frame_00504_straight_raw.png,straight,0.6364,383.8
frame_00505_straight_raw.png,straight,0.7500,672.9
frame_00506_straight_raw.png,straight,0.7000,315.4
frame_00507_straight_raw.png,straight,0.7692,741.0
frame_00508_straight_raw.png,straight,0.7000,331.5
frame_00509_straight_raw.png,straight,0.7273,664.7
frame_00510_straight_raw.png,straight,0.7273,355.4
frame_00511_straight_raw.png,straight,0.5833,956.6
frame_00512_straight_raw.png,straight,0.7273,510.9
frame_00513_straight_raw.png,straight,0.6364,854.6
frame_00514_straight_raw.png,straight,0.5455,479.9
frame_00515_straight_raw.png,straight,0.6667,1123.2
frame_00516_straight_raw.png,straight,0.7273,496.3
frame_00517_straight_raw.png,straight,0.5833,1195.7
frame_00518_straight_raw.png,straight,0.5833,571.2
frame_00519_straight_raw.png,straight,0.7273,352.4
frame_00520_straight_raw.png,straight,0.6154,718.5
frame_00521_straight_raw.png,straight,0.7000,328.7
frame_00522_straight_raw.png,straight,0.6364,688.7
frame_00523_straight_raw.png,straight,0.8000,370.0
frame_00524_straight_raw.png,straight,0.4615,22012.5
frame_00525_straight_raw.png,straight,0.7273,382.5
frame_00526_straight_raw.png,straight,0.7273,762.7
frame_00527_straight_raw.png,straight,0.8000,424.4
frame_00528_straight_raw.png,straight,0.7000,271.5
frame_00529_straight_raw.png,straight,0.7000,458.8
frame_00530_straight_raw.png,straight,0.7273,268.2
frame_00531_straight_raw.png,straight,0.6667,737.5
frame_00532_straight_raw.png,straight,0.7000,304.4
frame_00533_straight_raw.png,straight,0.7273,538.1
frame_00534_straight_raw.png,straight,0.7000,354.4
frame_00535_straight_raw.png,straight,0.6364,20795.9
frame_00536_straight_raw.png,straight,0.7000,368.5
frame_00537_straight_raw.png,straight,0.6364,19417.5
frame_00538_straight_raw.png,straight,0.6154,29614.4
frame_00539_straight_raw.png,straight,0.7500,24209.1
frame_00540_straight_raw.png,straight,0.6364,25946.5
frame_00541_straight_raw.png,straight,0.7000,223.9
frame_00542_straight_raw.png,straight,0.5833,27947.8
frame_00543_straight_raw.png,straight,0.6923,25442.8
frame_00544_straight_raw.png,straight,0.7000,444.9
frame_00545_straight_raw.png,straight,0.7273,262.3
frame_00546_straight_raw.png,straight,0.7000,450.9
frame_00547_straight_raw.png,straight,0.8000,269.5
frame_00548_straight_raw.png,straight,0.8000,169.1
frame_00549_straight_raw.png,straight,0.7500,16760.9
frame_00550_straight_raw.png,straight,0.6429,20273.7
frame_00551_straight_raw.png,straight,0.6364,16462.7
frame_00552_straight_raw.png,straight,0.5455,14106.3
frame_00553_straight_raw.png,straight,0.6000,14420.8
frame_00554_turn_raw.png,turn,0.6667,12354.6
frame_00555_turn_raw.png,turn,0.7143,149.6
frame_00556_turn_raw.png,turn,0.5455,2102.8
frame_00557_turn_raw.png,turn,0.5000,3557.0
frame_00558_turn_raw.png,turn,0.4286,4256.6
frame_00559_turn_raw.png,turn,0.4545,3088.9
frame_00560_turn_raw.png,turn,0.4545,8500.5
frame_00561_turn_raw.png,turn,0.4348,9817.6
frame_00562_turn_raw.png,turn,0.4583,10138.4
frame_00563_turn_raw.png,turn,0.4583,10201.8
frame_00564_turn_raw.png,turn,0.4583,10688.7
frame_00565_turn_raw.png,turn,0.5000,11940.3
frame_00566_turn_raw.png,turn,0.4615,11594.7
frame_00567_turn_raw.png,turn,0.5000,13202.7
frame_00568_turn_raw.png,turn,0.4800,11606.7
frame_00569_turn_raw.png,turn,0.4800,14190.0
frame_00570_turn_raw.png,turn,0.4615,17549.2
frame_00571_turn_raw.png,turn,0.4815,18983.8
frame_00572_turn_raw.png,turn,0.4815,18174.2
frame_00573_turn_raw.png,turn,0.5417,13990.8
frame_00574_turn_raw.png,turn,0.4815,17220.0
frame_00575_turn_raw.png,turn,0.4815,18996.4
frame_00576_turn_raw.png,turn,0.5000,23972.9
frame_00577_turn_raw.png,turn,0.4444,20169.4
frame_00578_turn_raw.png,turn,0.5000,19164.2
frame_00579_turn_raw.png,turn,0.5185,17960.4
frame_00580_turn_raw.png,turn,0.5926,17713.1
frame_00581_turn_raw.png,turn,0.5357,16339.8
frame_00582_turn_raw.png,turn,0.5357,17654.2
frame_00583_turn_raw.png,turn,0.5556,18281.4
frame_00584_turn_raw.png,turn,0.5556,17173.8
frame_00585_turn_raw.png,turn,0.5161,18335.4
frame_00586_turn_raw.png,turn,0.4333,18126.8
frame_00587_turn_raw.png,turn,0.5556,16605.2
frame_00588_turn_raw.png,turn,0.5000,15219.7
frame_00589_turn_raw.png,turn,0.5172,16830.3
frame_00590_turn_raw.png,turn,0.6071,15828.6
frame_00591_turn_raw.png,turn,0.5000,17656.2
frame_00592_turn_raw.png,turn,0.4815,16031.5
frame_00593_turn_raw.png,turn,0.5556,16349.9
frame_00594_turn_raw.png,turn,0.5000,17252.9
frame_00595_turn_raw.png,turn,0.4483,14997.5
frame_00596_turn_raw.png,turn,0.5600,12419.6
frame_00597_turn_raw.png,turn,0.4167,12806.3
frame_00598_turn_raw.png,turn,0.5926,11899.3
frame_00599_turn_raw.png,turn,0.4643,15785.1
frame_00600_turn_raw.png,turn,0.4643,15872.1
frame_00601_turn_raw.png,turn,0.4167,10371.7
frame_00602_turn_raw.png,turn,0.4583,10440.0
frame_00603_turn_raw.png,turn,0.4615,12288.2
frame_00604_turn_raw.png,turn,0.5217,10626.3
frame_00605_turn_raw.png,turn,0.4400,12072.9
frame_00606_turn_raw.png,turn,0.3913,8990.8
frame_00607_turn_raw.png,turn,0.4091,9457.6
frame_00608_turn_raw.png,turn,0.4762,7632.5
frame_00609_turn_raw.png,turn,0.3846,9996.8
frame_00610_turn_raw.png,turn,0.4000,9584.1
frame_00611_turn_raw.png,turn,0.4545,5630.7
frame_00612_turn_raw.png,turn,0.4545,5998.8
frame_00613_turn_raw.png,turn,0.4286,5619.9
frame_00614_turn_raw.png,turn,0.3600,6718.7
frame_00615_turn_raw.png,turn,0.4167,7468.0
frame_00616_turn_raw.png,turn,0.3600,8090.3
frame_00617_turn_raw.png,turn,0.3810,4208.6
frame_00618_turn_raw.png,turn,0.3478,5745.0
frame_00619_turn_raw.png,turn,0.4091,5908.5
frame_00620_turn_raw.png,turn,0.3333,6055.6
frame_00621_turn_raw.png,turn,0.3333,6208.3
frame_00622_turn_raw.png,turn,0.3333,5459.8
frame_00623_turn_raw.png,turn,0.3636,5459.3
frame_00624_turn_raw.png,turn,0.3043,6051.4
frame_00625_turn_raw.png,turn,0.3000,5097.6
frame_00626_turn_raw.png,turn,0.3333,4980.8
frame_00627_turn_raw.png,turn,0.2857,5453.3
frame_00628_turn_raw.png,turn,0.2917,6043.9
frame_00629_turn_raw.png,turn,0.3333,5494.9
frame_00630_turn_raw.png,turn,0.3000,6653.8
frame_00631_turn_raw.png,turn,0.3500,5717.8
frame_00632_turn_raw.png,turn,0.3000,5823.5
frame_00633_turn_raw.png,turn,0.2609,6138.0
frame_00634_turn_raw.png,turn,0.3043,7018.9
frame_00635_turn_raw.png,turn,0.3043,6048.4
frame_00636_turn_raw.png,turn,0.3000,6271.3
frame_00637_turn_raw.png,turn,0.3889,5356.3
frame_00638_turn_raw.png,turn,0.2917,9417.7
frame_00639_turn_raw.png,turn,0.4286,9424.1
frame_00640_turn_raw.png,turn,0.3333,10892.3
frame_00641_turn_raw.png,turn,0.3333,10949.6
frame_00642_turn_raw.png,turn,0.4762,13799.4
frame_00643_turn_raw.png,turn,0.4286,15931.3
frame_00644_turn_raw.png,turn,0.3500,13519.1
frame_00645_turn_raw.png,turn,0.5000,16020.6
frame_00646_turn_raw.png,turn,0.4211,16769.7
frame_00647_turn_raw.png,turn,0.4118,14327.8
frame_00648_turn_raw.png,turn,0.4375,9763.4
frame_00649_turn_raw.png,turn,0.5000,9699.5
frame_00650_straight_raw.png,straight,0.5882,7117.7
frame_00651_straight_raw.png,straight,0.6000,7061.7
frame_00652_straight_raw.png,straight,0.5625,8610.0
frame_00653_straight_raw.png,straight,0.5714,4926.1
frame_00654_straight_raw.png,straight,0.5714,5811.4
frame_00655_straight_raw.png,straight,0.6000,7079.1
frame_00656_straight_raw.png,straight,0.5714,3531.4
frame_00657_straight_raw.png,straight,0.5385,3935.2
frame_00658_straight_raw.png,straight,0.5714,4401.0
frame_00659_straight_raw.png,straight,0.6667,2764.6
frame_00660_straight_raw.png,straight,0.6000,3586.5
frame_00661_straight_raw.png,straight,0.6429,3503.7
frame_00662_straight_raw.png,straight,0.5833,1776.8
frame_00663_straight_raw.png,straight,0.6923,2116.7
frame_00664_straight_raw.png,straight,0.6875,3092.5
frame_00665_straight_raw.png,straight,0.6923,1218.0
frame_00666_straight_raw.png,straight,0.6429,1789.1
frame_00667_straight_raw.png,straight,0.6923,1963.4
frame_00668_straight_raw.png,straight,0.6250,2677.5
frame_00669_straight_raw.png,straight,0.7143,1040.1
frame_00670_straight_raw.png,straight,0.6429,1358.6
frame_00671_straight_raw.png,straight,0.6923,1235.0
frame_00672_straight_raw.png,straight,0.7143,2091.3
frame_00673_turn_raw.png,turn,0.4444,8310.5
frame_00674_turn_raw.png,turn,0.4444,7687.1
frame_00675_turn_raw.png,turn,0.4444,8192.0
frame_00676_turn_raw.png,turn,0.4706,6840.9
frame_00677_turn_raw.png,turn,0.4500,8946.0
frame_00678_turn_raw.png,turn,0.5556,8470.4
frame_00679_turn_raw.png,turn,0.4211,8448.5
frame_00680_turn_raw.png,turn,0.4211,8616.3
frame_00681_turn_raw.png,turn,0.5000,9169.5
frame_00682_turn_raw.png,turn,0.4000,9466.6
frame_00683_turn_raw.png,turn,0.4348,12688.0
frame_00684_turn_raw.png,turn,0.3913,9641.4
frame_00685_turn_raw.png,turn,0.5000,8840.7
frame_00686_turn_raw.png,turn,0.4091,9720.2
frame_00687_turn_raw.png,turn,0.3478,9801.1
frame_00688_turn_raw.png,turn,0.4091,9557.0
frame_00689_turn_raw.png,turn,0.3810,8553.2
frame_00690_turn_raw.png,turn,0.3636,8679.6
frame_00691_turn_raw.png,turn,0.3333,11703.6
frame_00692_turn_raw.png,turn,0.3077,12047.5
frame_00693_turn_raw.png,turn,0.3600,11626.5
frame_00694_turn_raw.png,turn,0.3478,9461.1
frame_00695_turn_raw.png,turn,0.3043,9483.4
frame_00696_turn_raw.png,turn,0.2727,8713.6
frame_00697_turn_raw.png,turn,0.3333,11639.3
frame_00698_turn_raw.png,turn,0.3200,18058.9
frame_00699_turn_raw.png,turn,0.3200,18011.0
frame_00700_turn_raw.png,turn,0.3636,17810.9
frame_00701_turn_raw.png,turn,0.3913,18521.6
frame_00702_turn_raw.png,turn,0.3913,18941.1
frame_00703_turn_raw.png,turn,0.4286,19290.7
frame_00704_turn_raw.png,turn,0.4091,38028.9
frame_00705_turn_raw.png,turn,0.4091,20953.5
frame_00706_turn_raw.png,turn,0.3810,17780.4
frame_00707_turn_raw.png,turn,0.3684,16344.3
frame_00708_turn_raw.png,turn,0.4211,22150.1
frame_00709_turn_raw.png,turn,0.4500,23379.8
frame_00710_turn_raw.png,turn,0.4091,29278.8
frame_00711_turn_raw.png,turn,0.4211,22953.8
frame_00712_turn_raw.png,turn,0.4000,25688.6
frame_00713_turn_raw.png,turn,0.4500,24059.0
frame_00714_turn_raw.png,turn,0.4286,32290.3
frame_00715_turn_raw.png,turn,0.3810,31956.2
frame_00716_turn_raw.png,turn,0.3636,26083.6
frame_00717_turn_raw.png,turn,0.3810,21718.2
frame_00718_turn_raw.png,turn,0.4500,26695.7
frame_00719_turn_raw.png,turn,0.4706,20297.3
frame_00720_turn_raw.png,turn,0.5000,20740.9
frame_00721_turn_raw.png,turn,0.4444,20554.6
frame_00722_turn_raw.png,turn,0.4444,23500.2
frame_00723_turn_raw.png,turn,0.4118,20956.9
frame_00724_turn_raw.png,turn,0.4118,21196.0
frame_00725_turn_raw.png,turn,0.4118,21588.1
frame_00726_turn_raw.png,turn,0.4375,22039.3
frame_00727_turn_raw.png,turn,0.4706,26351.5
frame_00728_turn_raw.png,turn,0.4444,28086.0
frame_00729_turn_raw.png,turn,0.3889,29210.0
frame_00730_turn_raw.png,turn,0.5000,35338.9
frame_00731_turn_raw.png,turn,0.5000,31255.3
frame_00732_turn_raw.png,turn,0.4444,33323.5
frame_00733_turn_raw.png,turn,0.3889,35573.9
frame_00734_turn_raw.png,turn,0.4667,27357.5
frame_00735_turn_raw.png,turn,0.4706,44272.3
frame_00736_turn_raw.png,turn,0.4375,31163.2
frame_00737_turn_raw.png,turn,0.4667,39654.4
frame_00738_turn_raw.png,turn,0.4286,31539.3
frame_00739_turn_raw.png,turn,0.4667,40864.6
frame_00740_turn_raw.png,turn,0.4000,43189.7
frame_00741_turn_raw.png,turn,0.4667,51863.2
frame_00742_turn_raw.png,turn,0.5882,64114.9
frame_00743_turn_raw.png,turn,0.5333,44631.0
frame_00744_turn_raw.png,turn,0.6250,50116.7
frame_00745_turn_raw.png,turn,0.4615,41302.8
frame_00746_turn_raw.png,turn,0.6154,15918.9
frame_00747_turn_raw.png,turn,0.5000,18781.4
frame_00748_turn_raw.png,turn,0.6000,22344.1
frame_00749_turn_raw.png,turn,0.5000,26418.9
frame_00750_turn_raw.png,turn,0.5556,39036.8
frame_00751_turn_raw.png,turn,0.5385,9185.0
frame_00752_straight_raw.png,straight,0.5714,11059.8
frame_00753_straight_raw.png,straight,0.5385,9974.7
frame_00754_straight_raw.png,straight,0.6154,14026.7
frame_00755_straight_raw.png,straight,0.6364,142.4
frame_00756_straight_raw.png,straight,0.6000,3262.2
frame_00757_straight_raw.png,straight,0.6667,63.9
frame_00758_straight_raw.png,straight,0.7500,589.8
frame_00759_straight_raw.png,straight,0.0000,inf
frame_00760_straight_raw.png,straight,1.0000,0.0
frame_00761_straight_raw.png,straight,1.0000,3.4
frame_00762_straight_raw.png,straight,1.0000,0.7
frame_00763_straight_raw.png,straight,1.0000,0.6
frame_00764_straight_raw.png,straight,1.0000,5.4
frame_00765_straight_raw.png,straight,1.0000,6.1
frame_00766_straight_raw.png,straight,0.8889,8.6
frame_00767_straight_raw.png,straight,0.8889,10.4
frame_00768_straight_raw.png,straight,1.0000,4.3
frame_00769_straight_raw.png,straight,1.0000,10.8
frame_00770_straight_raw.png,straight,0.8889,24.0
frame_00771_straight_raw.png,straight,0.9000,22.6
frame_00772_straight_raw.png,straight,0.8000,82.5
frame_00773_straight_raw.png,straight,0.8000,97.9
frame_00774_straight_raw.png,straight,0.8000,108.4
frame_00775_straight_raw.png,straight,0.7000,119.3
frame_00776_straight_raw.png,straight,0.7273,182.1
frame_00777_straight_raw.png,straight,0.8182,168.4
frame_00778_straight_raw.png,straight,0.8333,90.1
frame_00779_straight_raw.png,straight,0.8333,72.7
frame_00780_straight_raw.png,straight,0.8000,94.0
frame_00781_straight_raw.png,straight,0.7000,125.6
frame_00782_straight_raw.png,straight,0.7857,258.6
frame_00783_straight_raw.png,straight,0.8333,222.9
frame_00784_straight_raw.png,straight,0.6667,297.3
frame_00785_straight_raw.png,straight,0.7500,332.8
frame_00786_straight_raw.png,straight,0.8462,431.4
frame_00787_straight_raw.png,straight,0.7273,360.8
frame_00788_straight_raw.png,straight,0.7000,132.1
frame_00789_straight_raw.png,straight,0.7500,251.8
frame_00790_straight_raw.png,straight,0.7273,232.7
frame_00791_straight_raw.png,straight,0.7857,391.2
frame_00792_straight_raw.png,straight,0.6667,435.1
frame_00793_straight_raw.png,straight,0.7500,508.3
frame_00794_straight_raw.png,straight,0.5833,685.5
frame_00795_straight_raw.png,straight,0.6364,739.3
frame_00796_straight_raw.png,straight,0.7500,411.2
frame_00797_straight_raw.png,straight,0.6923,819.2
frame_00798_straight_raw.png,straight,0.5833,994.7
frame_00799_straight_raw.png,straight,0.7273,491.1
frame_00800_straight_raw.png,straight,0.7500,766.6
frame_00801_straight_raw.png,straight,0.5833,1076.8
frame_00802_straight_raw.png,straight,0.6667,628.4
frame_00803_straight_raw.png,straight,0.6667,839.1
frame_00804_straight_raw.png,straight,0.6364,928.9
frame_00805_straight_raw.png,straight,0.7273,585.3
frame_00806_straight_raw.png,straight,0.6364,749.2
frame_00807_straight_raw.png,straight,0.7273,409.7
frame_00808_straight_raw.png,straight,0.6364,593.2
frame_00809_straight_raw.png,straight,0.5455,858.6
frame_00810_straight_raw.png,straight,0.6364,555.6
frame_00811_straight_raw.png,straight,0.6364,743.6
frame_00812_straight_raw.png,straight,0.6364,902.3
frame_00813_straight_raw.png,straight,0.6364,546.6
frame_00814_straight_raw.png,straight,0.6364,719.4
frame_00815_straight_raw.png,straight,0.5833,2639.2
frame_00816_turn_raw.png,turn,0.5833,1491.0
frame_00817_turn_raw.png,turn,0.4444,7083.0
frame_00818_turn_raw.png,turn,0.4667,3986.6
frame_00819_turn_raw.png,turn,0.4667,4016.0
frame_00820_turn_raw.png,turn,0.5000,8345.0
frame_00821_turn_raw.png,turn,0.5000,8864.1
frame_00822_turn_raw.png,turn,0.5556,8539.9
frame_00823_turn_raw.png,turn,0.4706,8636.3
frame_00824_turn_raw.png,turn,0.5556,9598.5
frame_00825_turn_raw.png,turn,0.5294,8623.7
frame_00826_turn_raw.png,turn,0.5000,9922.7
frame_00827_turn_raw.png,turn,0.3889,8867.1
frame_00828_turn_raw.png,turn,0.5625,7638.0
frame_00829_turn_raw.png,turn,0.4706,7947.4
frame_00830_turn_raw.png,turn,0.4667,6973.5
frame_00831_turn_raw.png,turn,0.3750,7285.8
frame_00832_turn_raw.png,turn,0.5333,6816.4
frame_00833_turn_raw.png,turn,0.4375,5482.3
frame_00834_turn_raw.png,turn,0.4286,5493.8
frame_00835_turn_raw.png,turn,0.4000,6576.1
frame_00836_turn_raw.png,turn,0.3125,4703.8
frame_00837_turn_raw.png,turn,0.4615,3996.7
frame_00838_turn_raw.png,turn,0.4706,8620.2
frame_00839_turn_raw.png,turn,0.4762,12962.0
frame_00840_turn_raw.png,turn,0.5652,11824.9
frame_00841_turn_raw.png,turn,0.4762,11058.0
frame_00842_turn_raw.png,turn,0.5909,13997.5
frame_00843_turn_raw.png,turn,0.5238,17074.9
frame_00844_turn_raw.png,turn,0.4706,12521.6
frame_00845_turn_raw.png,turn,0.5000,14530.5
frame_00846_turn_raw.png,turn,0.5882,11799.4
frame_00847_turn_raw.png,turn,0.4737,14857.8
frame_00848_turn_raw.png,turn,0.4091,18594.7
frame_00849_turn_raw.png,turn,0.4211,10789.9
frame_00850_turn_raw.png,turn,0.4211,20991.8
frame_00851_turn_raw.png,turn,0.3333,29391.0
frame_00852_turn_raw.png,turn,0.2963,34396.4
frame_00853_turn_raw.png,turn,0.3333,38787.7
frame_00854_turn_raw.png,turn,0.4545,30192.8
frame_00855_turn_raw.png,turn,0.4000,31130.9
frame_00856_turn_raw.png,turn,0.4091,36479.3
frame_00857_turn_raw.png,turn,0.4762,27784.0
frame_00858_turn_raw.png,turn,0.3913,34652.0
frame_00859_turn_raw.png,turn,0.4211,30570.7
frame_00860_turn_raw.png,turn,0.4737,28250.7
frame_00861_turn_raw.png,turn,0.4211,21427.0
frame_00862_turn_raw.png,turn,0.4118,19074.2
frame_00863_turn_raw.png,turn,0.4118,20125.9
frame_00864_turn_raw.png,turn,0.3750,16164.9
frame_00865_turn_raw.png,turn,0.4118,16616.7
frame_00866_turn_raw.png,turn,0.4667,18292.7
frame_00867_turn_raw.png,turn,0.3750,15097.0
frame_00868_turn_raw.png,turn,0.3571,12647.0
frame_00869_turn_raw.png,turn,0.4000,14085.5
frame_00870_turn_raw.png,turn,0.2857,13706.6
frame_00871_turn_raw.png,turn,0.3125,14356.0
frame_00872_turn_raw.png,turn,0.3333,15859.7
frame_00873_turn_raw.png,turn,0.4000,15063.9
frame_00874_turn_raw.png,turn,0.3571,16053.3
frame_00875_turn_raw.png,turn,0.3571,12511.3
frame_00876_turn_raw.png,turn,0.5714,9454.8
frame_00877_turn_raw.png,turn,0.5000,10133.6
frame_00878_straight_raw.png,straight,0.5333,6989.7
frame_00879_straight_raw.png,straight,0.5294,9395.7
frame_00880_straight_raw.png,straight,0.5294,6728.0
frame_00881_straight_raw.png,straight,0.5882,7150.3
frame_00882_straight_raw.png,straight,0.6429,3578.1
frame_00883_straight_raw.png,straight,0.5333,4440.7
frame_00884_straight_raw.png,straight,0.5385,2242.5
frame_00885_straight_raw.png,straight,0.6250,3679.2
frame_00886_straight_raw.png,straight,0.6000,2017.3
frame_00887_straight_raw.png,straight,0.5385,1701.8
frame_00888_straight_raw.png,straight,0.7143,1520.8
frame_00889_straight_raw.png,straight,0.6667,1871.3
frame_00890_straight_raw.png,straight,0.7333,1252.6
frame_00891_straight_raw.png,straight,0.6429,1338.4
frame_00892_straight_raw.png,straight,0.7143,799.0
frame_00893_straight_raw.png,straight,0.6429,1138.7
frame_00894_straight_raw.png,straight,0.6923,659.1
frame_00895_straight_raw.png,straight,0.6429,1038.0
frame_00896_straight_raw.png,straight,0.8750,161.4
frame_00897_straight_raw.png,straight,0.7500,86.9
frame_00898_straight_raw.png,straight,0.7778,171.4
frame_00899_straight_raw.png,straight,0.8571,81.2
frame_00900_straight_raw.png,straight,0.7500,193.4
frame_00901_straight_raw.png,straight,0.7500,149.9
frame_00902_straight_raw.png,straight,0.7143,124.2
frame_00903_straight_raw.png,straight,0.7500,147.8
frame_00904_straight_raw.png,straight,0.8333,28.3
frame_00905_straight_raw.png,straight,0.6667,389.3
frame_00906_straight_raw.png,straight,0.6250,9545.4
frame_00907_straight_raw.png,straight,0.8333,53.6
frame_00908_straight_raw.png,straight,0.5714,6455.4
frame_00909_turn_raw.png,turn,0.7143,449.7
frame_00910_turn_raw.png,turn,0.5556,1613.9
frame_00911_turn_raw.png,turn,0.3125,6687.3
frame_00912_turn_raw.png,turn,0.4091,8906.1
frame_00913_turn_raw.png,turn,0.3333,9965.6
frame_00914_turn_raw.png,turn,0.4074,12555.7
frame_00915_turn_raw.png,turn,0.4737,6327.6
frame_00916_turn_raw.png,turn,0.4167,9055.7
frame_00917_turn_raw.png,turn,0.4091,6635.9
frame_00918_turn_raw.png,turn,0.5000,3084.5
frame_00919_turn_raw.png,turn,0.5000,2634.7
frame_00920_turn_raw.png,turn,0.4615,1446.6
frame_00921_turn_raw.png,turn,0.4167,1349.6
frame_00922_turn_raw.png,turn,0.6250,653.2
frame_00923_turn_raw.png,turn,0.5556,678.3
frame_00924_turn_raw.png,turn,0.5000,3053.9
frame_00925_turn_raw.png,turn,0.4545,4964.0
frame_00926_turn_raw.png,turn,0.4000,4985.4
frame_00927_turn_raw.png,turn,0.4000,4403.9
frame_00928_turn_raw.png,turn,0.4000,4342.4
frame_00929_turn_raw.png,turn,0.4286,592.3
frame_00930_turn_raw.png,turn,0.5000,4145.7
frame_00931_turn_raw.png,turn,0.4167,4242.3
frame_00932_turn_raw.png,turn,0.5455,3208.7
frame_00933_turn_raw.png,turn,0.4167,4878.2
frame_00934_turn_raw.png,turn,0.4167,5188.1
frame_00935_turn_raw.png,turn,0.5455,3241.3
frame_00936_turn_raw.png,turn,0.6364,3378.1
frame_00937_turn_raw.png,turn,0.5000,2786.7
frame_00938_turn_raw.png,turn,0.6364,2478.5
frame_00939_turn_raw.png,turn,0.6000,3318.3
frame_00940_straight_raw.png,straight,0.4444,2152.2
frame_00941_straight_raw.png,straight,0.5556,1607.6
frame_00942_straight_raw.png,straight,0.5455,3318.0
frame_00943_straight_raw.png,straight,0.5455,2314.0
frame_00944_straight_raw.png,straight,0.4545,2891.1
frame_00945_straight_raw.png,straight,0.6364,2051.8
frame_00946_straight_raw.png,straight,0.6000,1281.0
frame_00947_straight_raw.png,straight,0.6000,2079.1
frame_00948_straight_raw.png,straight,0.5556,1285.4
frame_00949_straight_raw.png,straight,0.7273,1192.0
frame_00950_straight_raw.png,straight,0.5455,1784.6
frame_00951_straight_raw.png,straight,0.5556,923.8
frame_00952_straight_raw.png,straight,0.5556,1168.8
frame_00953_straight_raw.png,straight,0.6250,710.6
frame_00954_straight_raw.png,straight,0.7500,341.2
frame_00955_straight_raw.png,straight,0.6250,790.6
frame_00956_straight_raw.png,straight,0.5000,419.7
frame_00957_straight_raw.png,straight,0.5556,525.4
frame_00958_straight_raw.png,straight,0.5000,1218.7
frame_00959_straight_raw.png,straight,0.5556,569.7
frame_00960_turn_raw.png,turn,0.4615,4358.5
frame_00961_turn_raw.png,turn,0.4615,3215.8
frame_00962_turn_raw.png,turn,0.3889,11173.4
frame_00963_turn_raw.png,turn,0.2727,26477.2
frame_00964_turn_raw.png,turn,0.2857,21623.2
frame_00965_turn_raw.png,turn,0.2800,34071.8
frame_00966_turn_raw.png,turn,0.3684,18283.1
frame_00967_turn_raw.png,turn,0.3529,12368.4
frame_00968_turn_raw.png,turn,0.3846,7206.5
frame_00969_turn_raw.png,turn,0.4167,4551.0
frame_00970_straight_raw.png,straight,0.6250,1041.0
frame_00971_straight_raw.png,straight,0.7143,1192.2
frame_00972_straight_raw.png,straight,0.6250,296.9
frame_00973_straight_raw.png,straight,0.6667,74.4
frame_00974_straight_raw.png,straight,0.7143,189.3
frame_00975_straight_raw.png,straight,0.6667,91.8
frame_00976_straight_raw.png,straight,0.7143,199.5
frame_00977_straight_raw.png,straight,0.6667,64.8
frame_00978_straight_raw.png,straight,0.6667,128.1
frame_00979_straight_raw.png,straight,0.6667,77.6
frame_00980_straight_raw.png,straight,0.8000,36.9
frame_00981_straight_raw.png,straight,0.8000,43.0
frame_00982_straight_raw.png,straight,1.0000,16.2
frame_00983_straight_raw.png,straight,0.8333,47.2
frame_00984_straight_raw.png,straight,1.0000,11.9
frame_00985_straight_raw.png,straight,0.6000,246.0
frame_00986_straight_raw.png,straight,0.6667,155.1
frame_00987_straight_raw.png,straight,0.6000,87.2
frame_00988_straight_raw.png,straight,0.8000,57.9
frame_00989_straight_raw.png,straight,0.7778,168.7
frame_00990_straight_raw.png,straight,0.6250,213.6
frame_00991_straight_raw.png,straight,0.8571,25.3
frame_00992_straight_raw.png,straight,0.7143,92.6
frame_00993_straight_raw.png,straight,0.7778,276.3
frame_00994_straight_raw.png,straight,0.7000,243.3
frame_00995_straight_raw.png,straight,0.6667,344.8
frame_00996_straight_raw.png,straight,0.8182,299.6
frame_00997_straight_raw.png,straight,0.7778,330.1
frame_00998_straight_raw.png,straight,0.6667,207.3
frame_00999_straight_raw.png,straight,0.7500,120.1
frame_01000_straight_raw.png,straight,0.7778,184.3
frame_01001_straight_raw.png,straight,0.7500,131.8
frame_01002_straight_raw.png,straight,0.6667,288.2
frame_01003_straight_raw.png,straight,0.7500,161.3
frame_01004_straight_raw.png,straight,0.7500,216.2
frame_01005_straight_raw.png,straight,0.7500,159.1
frame_01006_straight_raw.png,straight,0.7778,113.5
frame_01007_straight_raw.png,straight,0.7778,273.2
frame_01008_straight_raw.png,straight,0.7778,175.3
frame_01009_straight_raw.png,straight,0.5556,266.0
frame_01010_straight_raw.png,straight,0.8182,305.7
frame_01011_straight_raw.png,straight,0.5556,272.0
frame_01012_straight_raw.png,straight,0.8000,263.3
frame_01013_straight_raw.png,straight,0.6667,305.7
frame_01014_straight_raw.png,straight,0.7000,291.4
frame_01015_straight_raw.png,straight,0.7000,439.1
frame_01016_straight_raw.png,straight,0.7000,297.0
frame_01017_straight_raw.png,straight,0.7000,474.4
frame_01018_straight_raw.png,straight,0.7778,305.2
frame_01019_straight_raw.png,straight,0.7778,206.3
frame_01020_straight_raw.png,straight,0.5556,334.4
frame_01021_straight_raw.png,straight,0.7000,320.9
frame_01022_straight_raw.png,straight,0.7778,350.1
frame_01023_straight_raw.png,straight,0.7273,389.2
frame_01024_straight_raw.png,straight,0.7000,501.2
frame_01025_straight_raw.png,straight,0.7273,402.3
frame_01026_straight_raw.png,straight,0.7000,221.3
frame_01027_straight_raw.png,straight,0.7000,381.1
frame_01028_straight_raw.png,straight,0.7273,300.1
frame_01029_straight_raw.png,straight,0.6667,279.6
frame_01030_straight_raw.png,straight,0.7000,274.4
frame_01031_straight_raw.png,straight,0.7000,366.4
frame_01032_straight_raw.png,straight,0.6000,313.3
frame_01033_straight_raw.png,straight,0.7500,110.3
frame_01034_straight_raw.png,straight,0.6667,264.0
frame_01035_straight_raw.png,straight,0.7500,150.5
frame_01036_straight_raw.png,straight,0.6667,310.1
frame_01037_straight_raw.png,straight,0.7000,257.2
frame_01038_straight_raw.png,straight,0.5556,325.2
frame_01039_straight_raw.png,straight,0.7778,208.8
frame_01040_straight_raw.png,straight,0.5556,331.9
frame_01041_straight_raw.png,straight,0.6667,229.2
frame_01042_straight_raw.png,straight,0.7500,127.9
frame_01043_straight_raw.png,straight,0.7778,274.2
frame_01044_straight_raw.png,straight,0.7778,177.8
frame_01045_straight_raw.png,straight,0.6667,281.9
frame_01046_straight_raw.png,straight,0.7000,197.3
frame_01047_straight_raw.png,straight,0.6667,311.2
frame_01048_straight_raw.png,straight,0.8000,256.9
frame_01049_straight_raw.png,straight,0.6667,321.7
frame_01050_straight_raw.png,straight,0.7778,231.8
frame_01051_straight_raw.png,straight,0.6667,360.3
frame_01052_straight_raw.png,straight,0.7000,350.3
frame_01053_straight_raw.png,straight,0.7500,149.8
frame_01054_straight_raw.png,straight,0.7000,368.6
frame_01055_straight_raw.png,straight,0.7273,339.5
frame_01056_straight_raw.png,straight,0.7778,288.3
frame_01057_straight_raw.png,straight,0.7000,280.4
frame_01058_straight_raw.png,straight,0.7778,307.5
frame_01059_straight_raw.png,straight,0.7273,355.2
frame_01060_straight_raw.png,straight,0.7778,141.3
frame_01061_straight_raw.png,straight,0.8000,315.3
frame_01062_straight_raw.png,straight,0.7778,187.1
frame_01063_straight_raw.png,straight,0.6667,280.7
frame_01064_straight_raw.png,straight,0.6667,2554.9
frame_01065_straight_raw.png,straight,0.5000,2289.0
frame_01066_straight_raw.png,straight,0.5385,2150.9
frame_01067_straight_raw.png,straight,0.4667,4766.8
frame_01068_straight_raw.png,straight,0.4737,7146.9
frame_01069_straight_raw.png,straight,0.4706,7115.3
frame_01070_straight_raw.png,straight,0.6667,104.0
frame_01071_straight_raw.png,straight,0.7143,221.3
frame_01072_straight_raw.png,straight,0.7143,174.6
frame_01073_straight_raw.png,straight,0.6250,111.9
frame_01074_straight_raw.png,straight,0.7143,150.3
frame_01075_straight_raw.png,straight,0.8333,79.6
frame_01076_straight_raw.png,straight,0.6250,13377.0
frame_01077_straight_raw.png,straight,0.6667,103.8
frame_01078_straight_raw.png,straight,0.6250,369.8
frame_01079_straight_raw.png,straight,0.7778,224.6
frame_01080_straight_raw.png,straight,0.8000,353.2
frame_01081_straight_raw.png,straight,0.7000,217.3
frame_01082_straight_raw.png,straight,0.7778,358.1
frame_01083_straight_raw.png,straight,0.7000,270.7
frame_01084_straight_raw.png,straight,0.7143,270.8
frame_01085_straight_raw.png,straight,0.6250,119.3
frame_01086_straight_raw.png,straight,0.6250,175.4
frame_01087_straight_raw.png,straight,0.7143,203.5
frame_01088_straight_raw.png,straight,0.8000,30.9
frame_01089_straight_raw.png,straight,0.8000,164.1
frame_01090_straight_raw.png,straight,0.7000,193.7
frame_01091_straight_raw.png,straight,0.6667,417.7
frame_01092_straight_raw.png,straight,0.6667,299.4
frame_01093_straight_raw.png,straight,0.5556,442.9
frame_01094_straight_raw.png,straight,0.7500,221.7
frame_01095_straight_raw.png,straight,0.5455,758.5
frame_01096_straight_raw.png,straight,0.6000,277.2
frame_01097_straight_raw.png,straight,0.6364,1483.6
frame_01098_straight_raw.png,straight,0.4667,1077.9
frame_01099_straight_raw.png,straight,0.5385,1921.2
frame_01100_straight_raw.png,straight,0.6154,1771.4
frame_01101_turn_raw.png,turn,0.6667,791.4
frame_01102_turn_raw.png,turn,0.4667,3629.0
frame_01103_turn_raw.png,turn,0.4667,3859.6
frame_01104_turn_raw.png,turn,0.4286,1890.2
frame_01105_turn_raw.png,turn,0.5625,3086.4
frame_01106_turn_raw.png,turn,0.4737,3388.2
frame_01107_turn_raw.png,turn,0.5263,3422.7
frame_01108_turn_raw.png,turn,0.5714,2289.2
frame_01109_turn_raw.png,turn,0.5238,3236.7
frame_01110_turn_raw.png,turn,0.5294,1658.3
frame_01111_turn_raw.png,turn,0.3684,9134.0
frame_01112_turn_raw.png,turn,0.3182,12947.1
frame_01113_turn_raw.png,turn,0.2963,18552.3
frame_01114_turn_raw.png,turn,0.2800,19152.3
frame_01115_turn_raw.png,turn,0.2800,21126.8
frame_01116_turn_raw.png,turn,0.2917,14863.5
frame_01117_turn_raw.png,turn,0.2963,19658.9
frame_01118_turn_raw.png,turn,0.2963,20070.4
frame_01119_turn_raw.png,turn,0.2692,20671.0
frame_01120_turn_raw.png,turn,0.3077,24115.8
frame_01121_turn_raw.png,turn,0.2593,23967.6
frame_01122_turn_raw.png,turn,0.2917,21086.1
frame_01123_turn_raw.png,turn,0.3333,18777.4
frame_01124_turn_raw.png,turn,0.3103,25277.5
frame_01125_turn_raw.png,turn,0.2308,25254.3
frame_01126_turn_raw.png,turn,0.2609,20564.9
frame_01127_turn_raw.png,turn,0.3043,19167.6
frame_01128_turn_raw.png,turn,0.2727,21963.0
frame_01129_turn_raw.png,turn,0.3000,19389.6
frame_01130_turn_raw.png,turn,0.2500,16056.9
frame_01131_turn_raw.png,turn,0.2857,17801.2
frame_01132_turn_raw.png,turn,0.3571,18026.4
frame_01133_turn_raw.png,turn,0.4167,15526.2
frame_01134_turn_raw.png,turn,0.3636,17013.4
frame_01135_turn_raw.png,turn,0.5000,15120.1
frame_01136_turn_raw.png,turn,0.2500,11460.1
frame_01137_turn_raw.png,turn,0.4444,15095.1
frame_01138_turn_raw.png,turn,0.4444,10769.2
frame_01139_turn_raw.png,turn,0.2857,24749.8
frame_01140_turn_raw.png,turn,0.4545,3603.5
frame_01141_turn_raw.png,turn,0.4167,10743.9
frame_01142_turn_raw.png,turn,0.4167,3182.3
frame_01143_turn_raw.png,turn,0.4000,16715.0
frame_01144_turn_raw.png,turn,0.3529,23059.9
frame_01145_turn_raw.png,turn,0.3158,29283.0
frame_01146_turn_raw.png,turn,0.3182,17256.5
frame_01147_turn_raw.png,turn,0.3333,10014.0
frame_01148_turn_raw.png,turn,0.3500,14408.3
frame_01149_straight_raw.png,straight,0.2727,10223.5
frame_01150_straight_raw.png,straight,0.3333,9590.6
frame_01151_straight_raw.png,straight,0.3333,11120.0
frame_01152_straight_raw.png,straight,0.3571,3657.4
frame_01153_straight_raw.png,straight,0.3000,6602.3
frame_01154_straight_raw.png,straight,0.3750,3346.8
frame_01155_straight_raw.png,straight,0.4000,6016.0
frame_01156_straight_raw.png,straight,0.3571,2408.9
frame_01157_straight_raw.png,straight,0.4545,1284.1
frame_01158_straight_raw.png,straight,0.4545,2204.2
frame_01159_straight_raw.png,straight,0.4444,982.3
frame_01160_straight_raw.png,straight,0.5000,1757.5
frame_01161_straight_raw.png,straight,0.5556,1336.8
frame_01162_straight_raw.png,straight,0.6000,474.9
frame_01163_straight_raw.png,straight,0.4444,704.7
frame_01164_straight_raw.png,straight,0.5000,713.9
frame_01165_straight_raw.png,straight,0.6250,308.9
frame_01166_straight_raw.png,straight,0.6250,577.3
frame_01167_straight_raw.png,straight,0.5714,265.9
